level;test_classes;test_methods;setup_methods;attributes;setup_statements;duplicated_setup_statements;setup_duplication_rate
1;365;365;0;0;3685;3094;84.0
2;364;365;1;2;3683;3090;83.9
3;363;365;2;8;3677;3078;83.7
4;362;365;2;8;3671;3072;83.7
5;361;365;2;8;3665;3066;83.7
6;360;365;2;8;3659;3060;83.6
7;359;365;2;8;3653;3054;83.6
8;358;365;3;21;3640;3029;83.2
9;357;365;4;36;3625;2999;82.7
10;356;365;5;43;3618;2992;82.7
11;355;365;6;49;3612;2984;82.6
12;354;365;7;53;3608;2980;82.6
13;353;365;8;66;3595;2967;82.5
14;352;365;9;80;3581;2953;82.5
15;351;365;10;93;3568;2939;82.4
16;350;365;11;101;3560;2931;82.3
17;349;365;12;105;3556;2925;82.3
18;348;365;13;116;3545;2909;82.1
19;347;365;13;116;3534;2898;82.0
20;346;365;13;116;3523;2887;81.9
21;345;365;14;131;3508;2869;81.8
22;344;365;15;142;3497;2857;81.7
23;343;365;16;153;3486;2846;81.6
24;342;365;17;156;3483;2842;81.6
25;341;365;18;158;3481;2841;81.6
26;340;365;19;159;3480;2839;81.6
27;339;365;19;159;3479;2838;81.6
28;338;365;19;159;3478;2837;81.6
29;337;365;19;159;3477;2836;81.6
30;336;365;19;159;3476;2835;81.6
31;335;365;20;160;3475;2833;81.5
32;334;365;20;160;3474;2832;81.5
33;333;365;20;160;3473;2831;81.5
34;332;365;21;161;3472;2829;81.5
35;331;365;21;161;3471;2828;81.5
36;330;365;21;161;3456;2813;81.4
37;329;365;21;161;3441;2798;81.3
38;328;365;21;161;3426;2783;81.2
39;327;365;21;161;3411;2770;81.2
40;326;365;21;161;3396;2755;81.1
41;325;365;21;161;3381;2740;81.0
42;324;365;21;161;3366;2725;81.0
43;323;365;21;161;3351;2712;80.9
44;322;365;22;175;3337;2697;80.8
45;321;365;22;175;3323;2683;80.7
46;320;365;22;175;3309;2671;80.7
47;319;365;23;188;3296;2658;80.6
48;318;365;22;174;3284;2646;80.6
49;317;365;22;174;3271;2633;80.5
50;316;365;23;192;3249;2606;80.2
51;315;365;24;210;3228;2584;80.0
52;314;365;25;228;3207;2563;79.9
53;313;365;26;246;3187;2543;79.8
54;312;365;26;246;3167;2523;79.7
55;311;365;27;264;3147;2503;79.5
56;310;365;27;264;3127;2483;79.4
57;309;365;28;282;3107;2463;79.3
58;308;365;28;282;3087;2443;79.1
59;307;365;29;292;3077;2433;79.1
60;306;365;28;281;3068;2424;79.0
61;305;365;27;270;3059;2415;78.9
62;304;365;27;270;3049;2405;78.9
63;303;365;28;288;3030;2386;78.7
64;302;365;28;288;3011;2367;78.6
65;301;365;29;296;3003;2351;78.3
66;300;365;29;296;2995;2343;78.2
67;299;365;29;296;2987;2335;78.2
68;298;365;30;303;2980;2328;78.1
69;297;365;29;295;2974;2322;78.1
70;296;365;29;295;2967;2315;78.0
71;295;365;30;308;2954;2301;77.9
72;294;365;30;308;2941;2289;77.8
73;293;365;30;308;2928;2276;77.7
74;292;365;30;308;2915;2266;77.7
75;291;365;30;308;2909;2260;77.7
76;290;365;30;308;2903;2254;77.6
77;289;365;30;308;2897;2248;77.6
78;288;365;30;308;2891;2242;77.6
79;287;365;30;308;2885;2236;77.5
80;286;365;30;308;2879;2230;77.5
81;285;365;30;308;2873;2224;77.4
82;284;365;30;308;2867;2222;77.5
83;283;365;29;294;2857;2212;77.4
84;282;365;30;305;2846;2196;77.2
85;281;365;31;315;2836;2183;77.0
86;280;365;31;315;2826;2173;76.9
87;279;365;31;315;2816;2163;76.8
88;278;365;31;315;2806;2153;76.7
89;277;365;31;315;2796;2146;76.8
90;276;365;32;319;2792;2142;76.7
91;275;365;32;319;2788;2138;76.7
92;274;365;31;306;2778;2128;76.6
93;273;365;31;306;2766;2126;76.9
94;272;365;31;306;2762;2122;76.8
95;271;365;31;306;2758;2118;76.8
96;270;365;31;306;2754;2114;76.8
97;269;365;31;306;2750;2110;76.7
98;268;365;31;306;2746;2106;76.7
99;267;365;31;306;2742;2102;76.7
100;266;365;31;306;2734;2094;76.6
101;265;365;31;306;2726;2086;76.5
102;264;365;30;288;2714;2074;76.4
103;263;365;30;288;2707;2067;76.4
104;262;365;30;288;2700;2060;76.3
105;261;365;31;302;2686;2046;76.2
106;260;365;31;302;2669;2029;76.0
107;259;365;31;302;2652;2012;75.9
108;258;365;30;294;2653;2013;75.9
109;257;365;29;276;2637;1997;75.7
110;256;365;28;258;2627;1987;75.6
111;255;365;29;264;2621;1983;75.7
112;254;365;30;267;2618;1977;75.5
113;253;365;30;267;2615;1974;75.5
114;252;365;30;267;2612;1971;75.5
115;251;365;31;268;2609;1967;75.4
116;250;365;31;268;2598;1963;75.6
117;249;365;31;268;2592;1957;75.5
118;248;365;31;268;2584;1957;75.7
119;247;365;30;250;2568;1941;75.6
120;246;365;29;231;2567;1941;75.6
121;245;365;29;231;2551;1926;75.5
122;244;365;29;231;2545;1920;75.4
123;243;365;30;245;2531;1898;75.0
124;242;365;29;227;2518;1886;74.9
125;241;365;28;211;2520;1887;74.9
126;240;365;28;211;2514;1881;74.8
127;239;365;28;211;2512;1879;74.8
128;238;365;28;211;2510;1879;74.9
129;237;365;27;205;2508;1879;74.9
130;236;365;26;191;2500;1871;74.8
131;235;365;27;193;2498;1867;74.7
132;234;365;28;195;2496;1864;74.7
133;233;365;29;197;2494;1861;74.6
134;232;365;30;199;2492;1858;74.6
135;231;365;31;201;2490;1855;74.5
136;230;365;32;203;2488;1852;74.4
137;229;365;33;205;2486;1849;74.4
138;228;365;34;213;2478;1833;74.0
139;227;365;34;213;2477;1832;74.0
140;226;365;33;198;2486;1842;74.1
141;225;365;32;186;2507;1860;74.2
142;224;365;31;173;2518;1870;74.3
143;223;365;31;173;2510;1862;74.2
144;222;365;31;173;2504;1856;74.1
145;221;365;32;194;2483;1832;73.8
146;220;365;32;194;2462;1811;73.6
147;219;365;33;214;2441;1789;73.3
148;218;365;34;234;2421;1769;73.1
149;217;365;34;234;2401;1749;72.8
150;216;365;35;247;2388;1735;72.7
151;215;365;35;246;2376;1725;72.6
152;214;365;35;246;2368;1717;72.5
153;213;365;35;246;2360;1709;72.4
154;212;365;35;246;2352;1701;72.3
155;211;365;36;265;2333;1682;72.1
156;210;365;36;265;2314;1663;71.9
157;209;365;37;286;2293;1645;71.7
158;208;365;37;286;2290;1642;71.7
159;207;365;37;286;2287;1639;71.7
160;206;365;37;286;2284;1639;71.8
161;205;365;37;286;2282;1637;71.7
162;204;365;36;264;2265;1620;71.5
163;203;365;35;243;2250;1606;71.4
164;202;365;36;262;2231;1595;71.5
165;201;365;36;262;2227;1591;71.4
166;200;365;35;256;2247;1611;71.7
167;199;365;34;250;2245;1607;71.6
168;198;365;34;250;2237;1599;71.5
169;197;365;34;250;2229;1591;71.4
170;196;365;34;250;2221;1583;71.3
171;195;365;34;250;2213;1583;71.5
172;194;365;33;235;2234;1607;71.9
173;193;365;32;215;2219;1594;71.8
174;192;365;32;215;2218;1594;71.9
175;191;365;32;215;2216;1593;71.9
176;190;365;32;215;2214;1592;71.9
177;189;365;32;215;2212;1591;71.9
178;188;365;32;215;2211;1591;72.0
179;187;365;32;215;2209;1590;72.0
180;186;365;32;215;2207;1589;72.0
181;185;365;32;215;2206;1589;72.0
182;184;365;32;215;2204;1588;72.1
183;183;365;32;215;2202;1588;72.1
184;182;365;33;217;2200;1584;72.0
185;181;365;33;217;2198;1582;72.0
186;180;365;34;218;2197;1581;72.0
187;179;365;34;218;2195;1579;71.9
188;178;365;34;218;2198;1583;72.0
189;177;365;35;233;2181;1551;71.1
190;176;365;36;237;2175;1542;70.9
191;175;365;36;237;2169;1536;70.8
192;174;365;37;241;2163;1529;70.7
193;173;365;37;241;2157;1523;70.6
194;172;365;38;245;2151;1517;70.5
195;171;365;38;245;2145;1511;70.4
196;170;365;39;249;2139;1504;70.3
197;169;365;39;249;2133;1498;70.2
198;168;365;40;253;2127;1491;70.1
199;167;365;40;253;2121;1486;70.1
200;166;365;41;263;2111;1476;69.9
201;165;365;41;263;2101;1473;70.1
202;164;365;40;250;2094;1467;70.1
203;163;365;39;237;2090;1464;70.0
204;162;365;40;250;2075;1447;69.7
205;161;365;40;250;2071;1444;69.7
206;160;365;41;262;2057;1430;69.5
207;159;365;42;263;2054;1427;69.5
208;158;365;42;263;2051;1424;69.4
209;157;365;42;263;2048;1421;69.4
210;156;365;42;263;2045;1418;69.3
211;155;365;42;261;2032;1405;69.1
212;154;365;42;261;2018;1391;68.9
213;153;365;41;248;2006;1379;68.7
214;152;365;41;248;1992;1365;68.5
215;151;365;41;248;1978;1351;68.3
216;150;365;41;248;1964;1337;68.1
217;149;365;41;247;1959;1332;68.0
218;148;365;41;247;1946;1319;67.8
219;147;365;40;243;1949;1322;67.8
220;146;365;39;239;1952;1326;67.9
221;145;365;38;235;1955;1329;68.0
222;144;365;37;231;1958;1332;68.0
223;143;365;36;227;1961;1338;68.2
224;142;365;37;237;1949;1326;68.0
225;141;365;37;235;1938;1317;68.0
226;140;365;37;235;1926;1305;67.8
227;139;365;36;224;1916;1296;67.6
228;138;365;35;213;1933;1310;67.8
229;137;365;35;213;1920;1297;67.6
230;136;365;35;213;1908;1285;67.3
231;135;365;35;213;1896;1273;67.1
232;134;365;35;213;1884;1261;66.9
233;133;365;35;212;1881;1259;66.9
234;132;365;35;212;1878;1256;66.9
235;131;365;35;212;1875;1253;66.8
236;130;365;35;212;1872;1250;66.8
237;129;365;35;212;1869;1247;66.7
238;128;365;35;212;1866;1244;66.7
239;127;365;35;212;1855;1235;66.6
240;126;365;35;210;1866;1248;66.9
241;125;365;34;204;1928;1309;67.9
242;124;365;33;200;1928;1307;67.8
243;123;365;33;198;1939;1320;68.1
244;122;365;34;201;1936;1314;67.9
245;121;365;35;203;1934;1310;67.7
246;120;365;36;205;1932;1307;67.7
247;119;365;35;196;2147;1520;70.8
248;118;365;36;197;2146;1519;70.8
249;117;365;36;197;2143;1517;70.8
250;116;365;37;198;2142;1515;70.7
251;115;365;37;198;2133;1511;70.8
252;114;365;38;202;2128;1503;70.6
253;113;365;39;206;2123;1497;70.5
254;112;365;38;195;2157;1533;71.1
255;111;365;38;195;2155;1533;71.1
256;110;365;39;197;2153;1530;71.1
257;109;365;40;199;2151;1527;71.0
258;108;365;41;201;2149;1525;71.0
259;107;365;42;203;2147;1523;70.9
260;106;365;41;196;2216;1590;71.8
261;105;365;41;196;2215;1589;71.7
262;104;365;41;196;2214;1589;71.8
263;103;365;40;187;2307;1686;73.1
264;102;365;40;186;2307;1687;73.1
265;101;365;41;187;2306;1686;73.1
266;100;365;41;185;2305;1686;73.1
267;99;365;41;183;2304;1689;73.3
268;98;365;41;173;2372;1757;74.1
269;97;365;42;174;2371;1756;74.1
270;96;365;43;175;2370;1755;74.1
271;95;365;44;176;2369;1754;74.0
272;94;365;44;176;2368;1754;74.1
273;93;365;43;173;2369;1755;74.1
274;92;365;42;171;2369;1755;74.1
275;91;365;41;168;2370;1758;74.2
276;90;365;40;166;2370;1759;74.2
277;89;365;39;163;2372;1760;74.2
278;88;365;38;161;2374;1762;74.2
279;87;365;38;161;2373;1761;74.2
280;86;365;38;161;2372;1760;74.2
281;85;365;38;161;2371;1759;74.2
282;84;365;38;161;2370;1758;74.2
283;83;365;38;161;2369;1757;74.2
284;82;365;38;161;2368;1756;74.2
285;81;365;37;128;2688;2071;77.0
286;80;365;36;95;2800;2191;78.3
287;79;365;36;95;2799;2190;78.2
288;78;365;36;95;2798;2189;78.2
289;77;365;35;93;2902;2294;79.0
290;76;365;35;93;2901;2293;79.0
291;75;365;35;93;2900;2292;79.0
292;74;365;35;93;2899;2291;79.0
293;73;365;35;93;2898;2290;79.0
294;72;365;35;93;2897;2290;79.0
295;71;365;35;93;2896;2290;79.1
296;70;365;34;80;2985;2377;79.6
297;69;365;33;78;3131;2523;80.6
298;68;365;33;78;3131;2523;80.6
299;67;365;33;78;3131;2523;80.6
300;66;365;33;78;3131;2523;80.6
301;65;365;33;78;3131;2523;80.6
302;64;365;32;77;3132;2524;80.6
303;63;365;32;77;3132;2524;80.6
304;62;365;31;75;3138;2530;80.6
305;61;365;30;69;3216;2609;81.1
306;60;365;29;67;3232;2627;81.3
307;59;365;29;67;3232;2627;81.3
308;58;365;29;67;3232;2627;81.3
309;57;365;29;67;3232;2627;81.3
310;56;365;29;67;3232;2627;81.3
311;55;365;29;67;3232;2627;81.3
312;54;365;29;67;3232;2627;81.3
313;53;365;29;67;3232;2627;81.3
314;52;365;29;67;3232;2627;81.3
315;51;365;29;67;3232;2627;81.3
316;50;365;28;66;3249;2645;81.4
317;49;365;27;62;3349;2749;82.1
318;48;365;26;52;3399;2806;82.6
319;47;365;25;51;3411;2818;82.6
320;46;365;24;50;3423;2830;82.7
321;45;365;23;47;3426;2832;82.7
322;44;365;22;45;3428;2835;82.7
323;43;365;21;45;3484;2891;83.0
324;42;365;20;44;3490;2897;83.0
325;41;365;20;44;3490;2897;83.0
326;40;365;19;42;3494;2900;83.0
327;39;365;18;40;3498;2904;83.0
328;38;365;17;38;3502;2908;83.0
329;37;365;16;37;3506;2912;83.1
330;36;365;15;35;3510;2916;83.1
331;35;365;14;33;3514;2920;83.1
332;34;365;13;32;3517;2923;83.1
333;33;365;12;30;3521;2927;83.1
334;32;365;11;28;3525;2932;83.2
335;31;365;10;20;3573;2980;83.4
336;30;365;9;18;3577;2986;83.5
337;29;365;8;17;3578;2987;83.5
338;28;365;7;16;3579;2988;83.5
339;27;365;6;15;3580;2989;83.5
340;26;365;5;12;3598;3007;83.6
341;25;365;4;11;3599;3008;83.6
342;24;365;3;10;3605;3014;83.6
343;23;365;3;10;3605;3014;83.6
344;22;365;3;10;3605;3014;83.6
345;21;365;3;10;3605;3014;83.6
346;20;365;3;10;3605;3014;83.6
347;19;365;3;10;3605;3014;83.6
348;18;365;3;10;3605;3014;83.6
349;17;365;3;10;3605;3014;83.6
350;16;365;3;10;3605;3014;83.6
351;15;365;3;10;3605;3014;83.6
352;14;365;2;9;3608;3017;83.6
353;13;365;1;1;3680;3089;83.9
354;12;365;0;0;3685;3094;84.0
355;11;365;0;0;3685;3094;84.0
356;10;365;0;0;3685;3094;84.0
357;9;365;0;0;3685;3094;84.0
358;8;365;0;0;3685;3094;84.0
359;7;365;0;0;3685;3094;84.0
360;6;365;0;0;3685;3094;84.0
361;5;365;0;0;3685;3094;84.0
362;4;365;0;0;3685;3094;84.0
363;3;365;0;0;3685;3094;84.0
364;2;365;0;0;3685;3094;84.0
365;1;365;0;0;3685;3094;84.0
