project;variant;test_classes;setups;attributes;helper_methods;total_statements;duplicated_statements;duplication_rate;duplication_difference_percentage
roza;original;131;72;350;156;2710;1501;55.4;0.0
roza;implicit;342;49;271;156;2869;1638;57.1;9.1
roza;residual-implicit;137;79;404;156;2676;1463;54.7;-2.5
roza;delegated;131;72;350;312;2741;1376;50.2;-8.3
roza;implicit+delegated;342;49;271;351;2898;1472;50.8;-1.9
roza;delegated+implicit;345;51;279;312;2907;1520;52.3;1.3
roza;residual+delegated;137;79;404;311;2709;1341;49.5;-10.7
roza;delegated+residual-implicit;135;77;389;312;2708;1342;49.6;-10.6
commons-csv;original;36;2;42;105;976;268;27.5;0.0
commons-csv;implicit;168;23;54;105;954;241;25.3;-10.1
commons-csv;residual-implicit;48;15;116;105;949;234;24.7;-12.7
commons-csv;delegated;36;2;42;105;976;268;27.5;0.0
commons-csv;implicit+delegated;168;23;54;105;954;241;25.3;-10.1
commons-csv;delegated+implicit;168;23;54;105;954;241;25.3;-10.1
commons-csv;residual+delegated;48;15;116;105;949;234;24.7;-12.7
commons-csv;delegated+residual-implicit;48;15;116;105;949;234;24.7;-12.7
commons-lang;original;294;41;385;576;9602;3027;31.5;0.0
commons-lang;implicit;1657;275;696;576;9182;2576;28.1;-14.9
commons-lang;residual-implicit;506;285;793;576;9026;2454;27.2;-18.9
commons-lang;delegated;294;41;385;1219;10043;2820;28.1;-6.8
commons-lang;implicit+delegated;1657;275;696;994;9470;2441;25.8;-19.4
commons-lang;delegated+implicit;1658;286;468;1219;9750;2466;25.3;-18.5
commons-lang;residual+delegated;506;285;793;997;9351;2353;25.2;-22.3
commons-lang;delegated+residual-implicit;496;298;530;1219;9627;2384;24.8;-21.2
commons-math;original;323;24;685;1130;13977;5244;37.5;0.0
commons-math;implicit;1418;277;920;1130;13894;4996;36.0;-4.7
commons-math;residual-implicit;537;288;1097;1130;13519;4685;34.7;-10.7
commons-math;delegated;323;24;685;2044;14647;4998;34.1;-4.7
commons-math;implicit+delegated;1418;277;920;1922;14240;4547;31.9;-13.3
commons-math;delegated+implicit;1291;272;691;2044;14657;4915;33.5;-6.3
commons-math;residual+delegated;537;288;1097;1462;13463;4294;31.9;-18.1
commons-math;delegated+residual-implicit;533;278;905;2044;14319;4627;32.3;-11.8
commons-text;original;94;9;98;178;3225;1217;37.7;0.0
commons-text;implicit;282;62;124;178;3142;1116;35.5;-8.3
commons-text;residual-implicit;172;97;270;178;3100;1075;34.7;-11.7
commons-text;delegated;94;9;98;371;3273;1072;32.8;-11.9
commons-text;implicit+delegated;282;62;124;352;3198;998;31.2;-18.0
commons-text;delegated+implicit;279;60;91;371;3217;1005;31.2;-17.4
commons-text;residual+delegated;172;97;270;326;3128;955;30.5;-21.5
commons-text;delegated+residual-implicit;163;86;211;371;3184;969;30.4;-20.4
java-string-similarity;original;15;0;0;5;85;26;30.6;0.0
java-string-similarity;implicit;13;5;4;5;68;9;13.2;-65.4
java-string-similarity;residual-implicit;12;5;4;5;68;9;13.2;-65.4
java-string-similarity;delegated;15;0;0;5;85;26;30.6;0.0
java-string-similarity;implicit+delegated;13;5;4;5;68;9;13.2;-65.4
java-string-similarity;delegated+implicit;13;5;4;5;68;9;13.2;-65.4
java-string-similarity;residual+delegated;12;5;4;5;68;9;13.2;-65.4
java-string-similarity;delegated+residual-implicit;12;5;4;5;68;9;13.2;-65.4
javaparser;original;519;81;426;729;15312;7528;49.2;0.0
javaparser;implicit;1865;305;662;729;15252;7360;48.3;-2.2
javaparser;residual-implicit;636;238;839;729;14749;6888;46.7;-8.5
javaparser;delegated;518;80;424;1796;15612;6764;43.3;-10.1
javaparser;implicit+delegated;1865;305;662;1674;15340;6503;42.4;-13.6
javaparser;delegated+implicit;1571;271;500;1796;15747;6842;43.4;-9.1
javaparser;delegated+residual-implicit;633;235;782;1796;15247;6316;41.4;-16.1
jfreechart;original;350;23;125;189;8563;4145;48.4;0.0
jfreechart;implicit;967;346;599;189;7107;2553;35.9;-38.4
jfreechart;residual-implicit;575;354;661;189;6980;2443;35.0;-41.1
jfreechart;delegated;350;23;125;912;8586;3444;40.1;-16.9
jfreechart;implicit+delegated;967;346;599;589;7276;2321;31.9;-44.0
jfreechart;delegated+implicit;768;311;418;912;7668;2449;31.9;-40.9
jfreechart;residual+delegated;575;354;661;581;7159;2229;31.1;-46.2
jfreechart;delegated+residual-implicit;556;329;535;912;7629;2391;31.3;-42.3
joda-money;original;15;3;107;21;1333;444;33.3;0.0
joda-money;implicit;23;11;110;21;1319;427;32.4;-3.8
joda-money;residual-implicit;24;16;121;21;1307;415;31.8;-6.5
joda-money;delegated;15;3;107;30;1328;430;32.4;-3.2
joda-money;implicit+delegated;23;11;110;30;1314;413;31.4;-7.0
joda-money;delegated+implicit;23;11;110;30;1314;413;31.4;-7.0
joda-money;residual+delegated;24;16;121;31;1303;401;30.8;-9.7
joda-money;delegated+residual-implicit;24;16;121;30;1302;401;30.8;-9.7
gson;original;133;55;150;112;4620;1663;36.0;0.0
gson;implicit;540;112;223;112;4319;1330;30.8;-20.0
gson;residual-implicit;199;139;287;112;4272;1277;29.9;-23.2
gson;delegated;133;55;150;403;4714;1466;31.1;-11.8
gson;implicit+delegated;540;112;223;372;4441;1192;26.8;-28.3
gson;delegated+implicit;563;120;214;403;4497;1217;27.1;-26.8
gson;residual+delegated;199;139;287;361;4389;1145;26.1;-31.1
gson;delegated+residual-implicit;197;140;247;403;4446;1175;26.4;-29.3
java-hamcrest;original;73;1;53;70;998;170;17.0;0.0
java-hamcrest;implicit;255;43;65;70;952;123;12.9;-27.6
java-hamcrest;residual-implicit;87;37;68;70;953;123;12.9;-27.6
java-hamcrest;delegated;73;1;53;94;973;121;12.4;-28.8
java-hamcrest;implicit+delegated;255;43;65;83;937;95;10.1;-44.1
java-hamcrest;delegated+implicit;258;44;61;94;950;96;10.1;-43.5
java-hamcrest;residual+delegated;87;37;68;83;938;95;10.1;-44.1
java-hamcrest;delegated+residual-implicit;88;44;63;94;950;96;10.1;-43.5
ektorp;original;56;26;95;107;1498;533;35.6;0.0
ektorp;implicit;98;40;135;107;1439;455;31.6;-14.6
ektorp;residual-implicit;72;51;159;107;1425;452;31.7;-15.2
ektorp;delegated;56;26;95;207;1516;451;29.7;-15.4
ektorp;implicit+delegated;98;40;135;204;1488;407;27.4;-23.6
ektorp;delegated+implicit;76;42;124;207;1485;405;27.3;-24.0
ektorp;residual+delegated;72;51;159;196;1466;404;27.6;-24.2
ektorp;delegated+residual-implicit;60;46;135;207;1479;406;27.5;-23.8
rest-assured;original;203;29;83;296;3547;1118;31.5;0.0
rest-assured;implicit;1050;141;136;262;2953;552;18.7;-50.6
rest-assured;residual-implicit;304;154;147;262;2921;532;18.2;-52.4
rest-assured;delegated;198;27;76;361;3388;905;26.7;-19.1
rest-assured;implicit+delegated;1050;141;136;289;2966;538;18.1;-51.9
rest-assured;delegated+implicit;1022;142;110;361;2972;483;16.3;-56.8
rest-assured;residual+delegated;304;154;147;291;2936;518;17.6;-53.7
rest-assured;delegated+residual-implicit;294;144;117;361;2964;480;16.2;-57.1
junit4;original;131;14;161;484;2102;570;27.1;0.0
junit4;implicit;322;56;132;484;2117;547;25.8;-4.0
junit4;residual-implicit;162;60;203;484;2064;530;25.7;-7.0
junit4;delegated;131;14;161;569;2153;536;24.9;-6.0
junit4;implicit+delegated;322;56;132;553;2156;517;24.0;-9.3
junit4;delegated+implicit;320;56;129;569;2171;518;23.9;-9.1
junit4;residual+delegated;162;60;203;549;2099;500;23.8;-12.3
junit4;delegated+residual-implicit;163;61;207;569;2117;498;23.5;-12.6
cobertura;original;56;24;185;248;2308;830;36.0;0.0
cobertura;implicit;56;33;158;248;2255;792;35.1;-4.6
cobertura;residual-implicit;53;39;190;248;2259;788;34.9;-5.1
cobertura;delegated;56;24;185;301;2267;736;32.5;-11.3
cobertura;implicit+delegated;56;33;158;294;2205;696;31.6;-16.1
cobertura;delegated+implicit;61;33;162;301;2222;703;31.6;-15.3
cobertura;residual+delegated;53;39;190;292;2209;694;31.4;-16.4
cobertura;delegated+residual-implicit;55;41;191;301;2220;693;31.2;-16.5
couchdb-lucene;original;12;3;5;8;134;28;20.9;0.0
couchdb-lucene;implicit;41;3;5;8;135;28;20.7;0.0
couchdb-lucene;residual-implicit;12;3;5;8;134;28;20.9;0.0
couchdb-lucene;delegated;12;3;5;9;130;23;17.7;-17.9
couchdb-lucene;implicit+delegated;41;3;5;9;131;23;17.6;-17.9
couchdb-lucene;delegated+implicit;41;3;5;9;131;23;17.6;-17.9
couchdb-lucene;residual+delegated;12;3;5;9;130;23;17.7;-17.9
couchdb-lucene;delegated+residual-implicit;12;3;5;9;130;23;17.7;-17.9
picon;original;17;8;39;26;447;254;56.8;0.0
picon;implicit;65;8;21;26;439;245;55.8;-3.5
picon;residual-implicit;25;17;45;26;421;225;53.4;-11.4
picon;delegated;17;8;39;50;442;225;50.9;-11.4
picon;implicit+delegated;65;8;21;49;433;216;49.9;-15.0
picon;delegated+implicit;69;9;25;50;430;210;48.8;-17.3
picon;residual+delegated;25;17;45;47;418;201;48.1;-20.9
picon;delegated+residual-implicit;25;18;47;50;421;202;48.0;-20.5
selenium;original;374;91;422;832;14121;5911;41.9;0.0
selenium;implicit;1535;297;672;832;13160;4820;36.6;-18.5
selenium;residual-implicit;589;349;874;832;13001;4668;35.9;-21.0
selenium;delegated;374;91;422;1489;14420;5553;38.5;-6.1
selenium;implicit+delegated;1535;297;672;1407;13411;4496;33.5;-23.9
selenium;delegated+implicit;1478;297;614;1489;13493;4531;33.6;-23.3
selenium;residual+delegated;589;349;874;1386;13256;4369;33.0;-26.1
selenium;delegated+residual-implicit;588;347;846;1489;13400;4412;32.9;-25.4
saas+teste;original;1079;983;10745;213;34423;27216;79.1;0.0
saas+teste;implicit;1397;696;8278;213;35657;28172;79.0;3.5
saas+teste;residual-implicit;976;893;9965;213;33453;26213;78.4;-3.7
saas+teste+moodle;original;2;2;16;2;216;148;68.5;0.0
saas+teste+moodle;implicit;2;2;16;2;216;148;68.5;0.0
saas+teste+moodle;residual-implicit;2;2;16;2;216;148;68.5;0.0
saas+teste+moodle;delegated;2;2;16;8;189;115;60.8;-22.3
saas+teste+moodle;implicit+delegated;2;2;16;8;189;115;60.8;-22.3
saas+teste+moodle;delegated+implicit;2;2;16;8;189;115;60.8;-22.3
saas+teste+moodle;residual+delegated;2;2;16;8;189;115;60.8;-22.3
saas+teste+moodle;delegated+residual-implicit;2;2;16;8;189;115;60.8;-22.3
saas+teste+selenium;original;530;527;5748;346;30513;23639;77.5;0.0
saas+teste+selenium;implicit;501;350;4157;346;31411;24364;77.6;3.1
saas+teste+selenium;residual-implicit;483;480;5584;346;29787;22897;76.9;-3.1
saas+teste+selenium;delegated;530;527;5748;1517;27437;19392;70.7;-18.0
saas+teste+selenium;implicit+delegated;501;350;4157;1633;28240;19906;70.5;-15.8
saas+teste+selenium;delegated+implicit;466;353;4196;1517;28042;19841;70.8;-16.1
saas+teste+selenium;residual+delegated;483;480;5584;1527;26781;18710;69.9;-20.9
saas+teste+selenium;delegated+residual-implicit;468;465;5438;1517;26962;18903;70.1;-20.0
saas+teste+service;original;49;49;575;24;1732;1206;69.6;0.0
saas+teste+service;implicit;48;39;509;24;1654;1105;66.8;-8.4
saas+teste+service;residual-implicit;43;43;541;24;1628;1098;67.4;-9.0
saas+teste+service;delegated;49;49;575;85;1678;1091;65.0;-9.5
saas+teste+service;implicit+delegated;48;39;509;86;1611;1000;62.1;-17.1
saas+teste+service;delegated+implicit;49;39;507;85;1615;1006;62.3;-16.6
saas+teste+service;residual+delegated;43;43;541;79;1578;993;62.9;-17.7
saas+teste+service;delegated+residual-implicit;43;43;539;85;1588;998;62.8;-17.2
